column_list,num_features,model_name,best_params,clustering_indicator,train_matthews_corrcoef,val_matthews_corrcoef,train_recall_score,val_recall_score,train_val_matthews_corrcoef,test_matthews_corrcoef,train_val_recall_score,test_recall_score
"['Sensor346', 'Sensor424', 1, 2]",2,SVC,"{'C': 0.0743250190720243, 'break_ties': False, 'cache_size': 200, 'class_weight': 'balanced', 'coef0': 0.0, 'decision_function_shape': 'ovr', 'degree': 3, 'gamma': 'scale', 'kernel': 'linear', 'max_iter': -1, 'probability': True, 'random_state': 42, 'shrinking': True, 'tol': 0.001, 'verbose': False}",yes,0.13913943606232934,0.13246466719202354,0.6673530880472993,0.6603185328185328,0.13240796769555938,0.10971331118604265,0.6601073345259392,0.6331572991324029
"['Sensor112', 'Sensor346', 'Sensor424', 1, 2]",3,SVC,"{'C': 0.025709212561421446, 'break_ties': False, 'cache_size': 200, 'class_weight': 'balanced', 'coef0': 0.0, 'decision_function_shape': 'ovr', 'degree': 3, 'gamma': 'scale', 'kernel': 'linear', 'max_iter': -1, 'probability': True, 'random_state': 42, 'shrinking': True, 'tol': 0.001, 'verbose': False}",yes,0.1259653261690789,0.12696133758241873,0.6502728507510387,0.651722972972973,0.12795343150174157,0.08760649357434352,0.6525044722719141,0.604111655978876
"['Sensor101', 'Sensor112', 'Sensor346', 'Sensor424']",4,LogisticRegression,"{'C': 0.14331631217513705, 'class_weight': 'balanced', 'dual': False, 'fit_intercept': True, 'intercept_scaling': 1, 'l1_ratio': None, 'max_iter': 1000000, 'multi_class': 'auto', 'n_jobs': -1, 'penalty': 'l2', 'random_state': 42, 'solver': 'lbfgs', 'tol': 0.0001, 'verbose': 0, 'warm_start': False}",no,0.19064222478017892,0.17749492076011736,0.7128256831255992,0.6963851351351351,0.19991441675476013,0.11812034254567921,0.7231663685152057,0.6316484345529989
"['Sensor101', 'Sensor112', 'Sensor346', 'Sensor424']",4,LogisticRegression,"{'C': 0.14522375837525844, 'class_weight': 'balanced', 'dual': False, 'fit_intercept': True, 'intercept_scaling': 1, 'l1_ratio': None, 'max_iter': 1000000, 'multi_class': 'auto', 'n_jobs': -1, 'penalty': 'l2', 'random_state': 42, 'solver': 'lbfgs', 'tol': 0.0001, 'verbose': 0, 'warm_start': False}",no,0.1903765779306324,0.17749492076011736,0.7126019694790668,0.6963851351351351,0.19991441675476013,0.11812034254567921,0.7231663685152057,0.6316484345529989
"['Sensor101', 'Sensor112', 'Sensor346', 'Sensor424', 1, 2]",4,SVC,"{'C': 0.08076686269926923, 'break_ties': False, 'cache_size': 200, 'class_weight': 'balanced', 'coef0': 0.0, 'decision_function_shape': 'ovr', 'degree': 3, 'gamma': 'scale', 'kernel': 'linear', 'max_iter': -1, 'probability': True, 'random_state': 42, 'shrinking': True, 'tol': 0.001, 'verbose': False}",yes,0.18335132638718754,0.17475384348762296,0.7195083293384468,0.708653474903475,0.18067622708805825,0.10394496113044334,0.7186940966010733,0.627121840814787
"['Sensor101', 'Sensor112', 'Sensor346', 'Sensor424']",4,GradientBoostingClassifier,"{'ccp_alpha': 0.0018813245862377573, 'criterion': 'friedman_mse', 'init': None, 'learning_rate': 0.00813983995385538, 'loss': 'deviance', 'max_depth': None, 'max_features': None, 'max_leaf_nodes': None, 'min_impurity_decrease': 0.0, 'min_samples_leaf': 1, 'min_samples_split': 2, 'min_weight_fraction_leaf': 0.0, 'n_estimators': 415, 'n_iter_no_change': None, 'random_state': 42, 'subsample': 0.29466867759949955, 'tol': 0.0001, 'validation_fraction': 0.1, 'verbose': 0, 'warm_start': False}",no,0.5247917614390445,0.2087938643686976,0.6488239054010866,0.5591071428571428,0.38968659876683576,0.2954440975502043,0.5952593917710197,0.5454545454545454
"['Sensor101', 'Sensor112', 'Sensor184', 'Sensor346', 'Sensor424', 1, 2]",5,SVC,"{'C': 0.051813645379343756, 'break_ties': False, 'cache_size': 200, 'class_weight': 'balanced', 'coef0': 0.0, 'decision_function_shape': 'ovr', 'degree': 3, 'gamma': 'scale', 'kernel': 'linear', 'max_iter': -1, 'probability': True, 'random_state': 42, 'shrinking': True, 'tol': 0.001, 'verbose': False}",yes,0.16397055348378337,0.1542229988584151,0.6978160953978907,0.6871927284427285,0.16954308938705082,0.0878946247320162,0.7048300536672629,0.6065635609204074
"['Sensor101', 'Sensor112', 'Sensor184', 'Sensor346', 'Sensor424']",5,GradientBoostingClassifier,"{'ccp_alpha': 0.001720066669674742, 'criterion': 'friedman_mse', 'init': None, 'learning_rate': 0.009794696697594932, 'loss': 'deviance', 'max_depth': None, 'max_features': None, 'max_leaf_nodes': None, 'min_impurity_decrease': 0.0, 'min_samples_leaf': 1, 'min_samples_split': 2, 'min_weight_fraction_leaf': 0.0, 'n_estimators': 350, 'n_iter_no_change': None, 'random_state': 42, 'subsample': 0.21072532168651859, 'tol': 0.0001, 'validation_fraction': 0.1, 'verbose': 0, 'warm_start': False}",no,0.33972937919845464,0.18014175944467833,0.5719335250878875,0.5582062419562419,0.3847345241133819,0.19977354210514406,0.5769230769230769,0.5433798566578649
"['Sensor101', 'Sensor112', 'Sensor184', 'Sensor346', 'Sensor424', 'Sensor456', 1, 2]",6,SVC,"{'C': 0.014409106281051756, 'break_ties': False, 'cache_size': 200, 'class_weight': 'balanced', 'coef0': 0.0, 'decision_function_shape': 'ovr', 'degree': 3, 'gamma': 'scale', 'kernel': 'linear', 'max_iter': -1, 'probability': True, 'random_state': 42, 'shrinking': True, 'tol': 0.001, 'verbose': False}",yes,0.1532555457038523,0.14504083141288038,0.6843714046021093,0.6747570785070784,0.14557568593111514,0.11131232296229725,0.6757602862254025,0.6352319879290834
"['Sensor101', 'Sensor112', 'Sensor184', 'Sensor346', 'Sensor407', 'Sensor424', 'Sensor456', 1, 2]",7,LogisticRegression,"{'C': 0.35582508445832917, 'class_weight': 'balanced', 'dual': False, 'fit_intercept': True, 'intercept_scaling': 1, 'l1_ratio': None, 'max_iter': 1000000, 'multi_class': 'auto', 'n_jobs': -1, 'penalty': 'l2', 'random_state': 42, 'solver': 'lbfgs', 'tol': 0.0001, 'verbose': 0, 'warm_start': False}",yes,0.2147798954499051,0.20133957768442964,0.7328134987216363,0.7178378378378378,0.20508563526566465,0.1404028669496777,0.7209302325581395,0.6503206337231233
"['Sensor101', 'Sensor112', 'Sensor184', 'Sensor346', 'Sensor407', 'Sensor424', 'Sensor456', 1, 2]",7,LogisticRegression,"{'C': 0.3719661927503918, 'class_weight': 'balanced', 'dual': False, 'fit_intercept': True, 'intercept_scaling': 1, 'l1_ratio': None, 'max_iter': 1000000, 'multi_class': 'auto', 'n_jobs': -1, 'penalty': 'l2', 'random_state': 42, 'solver': 'lbfgs', 'tol': 0.0001, 'verbose': 0, 'warm_start': False}",yes,0.21544295982426273,0.20133957768442964,0.7332609260147012,0.7178378378378378,0.20385084472305065,0.1404028669496777,0.7200357781753131,0.6503206337231233
"['Sensor101', 'Sensor112', 'Sensor184', 'Sensor346', 'Sensor407', 'Sensor424', 'Sensor456', 1, 2]",7,LogisticRegression,"{'C': 0.3675201738329518, 'class_weight': 'balanced', 'dual': False, 'fit_intercept': True, 'intercept_scaling': 1, 'l1_ratio': None, 'max_iter': 1000000, 'multi_class': 'auto', 'n_jobs': -1, 'penalty': 'l2', 'random_state': 42, 'solver': 'lbfgs', 'tol': 0.0001, 'verbose': 0, 'warm_start': False}",yes,0.21544295982426273,0.20133957768442964,0.7332609260147012,0.7178378378378378,0.20385084472305065,0.1404028669496777,0.7200357781753131,0.6503206337231233
"['Sensor101', 'Sensor112', 'Sensor184', 'Sensor346', 'Sensor407', 'Sensor424', 'Sensor456', 1, 2]",7,LogisticRegression,"{'C': 0.3696747461972528, 'class_weight': 'balanced', 'dual': False, 'fit_intercept': True, 'intercept_scaling': 1, 'l1_ratio': None, 'max_iter': 1000000, 'multi_class': 'auto', 'n_jobs': -1, 'penalty': 'l2', 'random_state': 42, 'solver': 'lbfgs', 'tol': 0.0001, 'verbose': 0, 'warm_start': False}",yes,0.21544295982426273,0.20133957768442964,0.7332609260147012,0.7178378378378378,0.20385084472305065,0.1404028669496777,0.7200357781753131,0.6503206337231233
"['Sensor101', 'Sensor112', 'Sensor184', 'Sensor346', 'Sensor407', 'Sensor424', 'Sensor456']",7,LogisticRegression,"{'C': 0.7262821979495222, 'class_weight': 'balanced', 'dual': False, 'fit_intercept': True, 'intercept_scaling': 1, 'l1_ratio': None, 'max_iter': 1000000, 'multi_class': 'auto', 'n_jobs': -1, 'penalty': 'l2', 'random_state': 42, 'solver': 'lbfgs', 'tol': 0.0001, 'verbose': 0, 'warm_start': False}",no,0.25194814342455013,0.225625620982622,0.7712986377436881,0.7398616473616473,0.24114063339190137,0.19666799804010537,0.7602862254025045,0.7061486231610713
"['Sensor101', 'Sensor112', 'Sensor184', 'Sensor346', 'Sensor407', 'Sensor424', 'Sensor456']",7,LogisticRegression,"{'C': 0.7309562957966281, 'class_weight': 'balanced', 'dual': False, 'fit_intercept': True, 'intercept_scaling': 1, 'l1_ratio': None, 'max_iter': 1000000, 'multi_class': 'auto', 'n_jobs': -1, 'penalty': 'l2', 'random_state': 42, 'solver': 'lbfgs', 'tol': 0.0001, 'verbose': 0, 'warm_start': False}",no,0.25194814342455013,0.225625620982622,0.7712986377436881,0.7398616473616473,0.24114063339190137,0.19666799804010537,0.7602862254025045,0.7061486231610713
"['Sensor101', 'Sensor112', 'Sensor184', 'Sensor346', 'Sensor407', 'Sensor424', 'Sensor456']",7,LogisticRegression,"{'C': 0.7312826118369401, 'class_weight': 'balanced', 'dual': False, 'fit_intercept': True, 'intercept_scaling': 1, 'l1_ratio': None, 'max_iter': 1000000, 'multi_class': 'auto', 'n_jobs': -1, 'penalty': 'l2', 'random_state': 42, 'solver': 'lbfgs', 'tol': 0.0001, 'verbose': 0, 'warm_start': False}",no,0.25194814342455013,0.225625620982622,0.7712986377436881,0.7398616473616473,0.24114063339190137,0.19666799804010537,0.7602862254025045,0.7061486231610713
"['Sensor101', 'Sensor112', 'Sensor184', 'Sensor346', 'Sensor407', 'Sensor424', 'Sensor456', 1, 2]",7,SVC,"{'C': 0.11311312312160808, 'break_ties': False, 'cache_size': 200, 'class_weight': 'balanced', 'coef0': 0.0, 'decision_function_shape': 'ovr', 'degree': 3, 'gamma': 'scale', 'kernel': 'linear', 'max_iter': -1, 'probability': True, 'random_state': 42, 'shrinking': True, 'tol': 0.001, 'verbose': False}",yes,0.2211031071456963,0.17728533966684598,0.7560521532438479,0.7061615186615187,0.20569548934184884,0.13296739797099655,0.7383720930232558,0.6542814032440589
"['Sensor101', 'Sensor112', 'Sensor184', 'Sensor346', 'Sensor407', 'Sensor424', 'Sensor456', 1, 2]",7,SVC,"{'C': 0.36324066621625317, 'break_ties': False, 'cache_size': 200, 'class_weight': 'balanced', 'coef0': 0.0, 'decision_function_shape': 'ovr', 'degree': 3, 'gamma': 'scale', 'kernel': 'linear', 'max_iter': -1, 'probability': True, 'random_state': 42, 'shrinking': True, 'tol': 0.001, 'verbose': False}",yes,0.2358009218066739,0.17730423143952803,0.7631779322467243,0.6999324324324324,0.23714913261334175,0.16327909262482448,0.7643112701252236,0.6812523576009053
"['Sensor101', 'Sensor112', 'Sensor184', 'Sensor346', 'Sensor407', 'Sensor424', 'Sensor456', 1, 2]",7,SVC,"{'C': 0.11792315984404875, 'break_ties': False, 'cache_size': 200, 'class_weight': 'balanced', 'coef0': 0.0, 'decision_function_shape': 'ovr', 'degree': 3, 'gamma': 'scale', 'kernel': 'linear', 'max_iter': -1, 'probability': True, 'random_state': 42, 'shrinking': True, 'tol': 0.001, 'verbose': False}",yes,0.2189389111861461,0.17728533966684598,0.7528577420901247,0.7061615186615187,0.20871796856144534,0.13733465419387045,0.7410554561717353,0.6584307808374199
"['Sensor101', 'Sensor112', 'Sensor184', 'Sensor346', 'Sensor407', 'Sensor424', 'Sensor456']",7,SVC,"{'C': 0.5167792845946759, 'break_ties': False, 'cache_size': 200, 'class_weight': 'balanced', 'coef0': 0.0, 'decision_function_shape': 'ovr', 'degree': 3, 'gamma': 'scale', 'kernel': 'linear', 'max_iter': -1, 'probability': True, 'random_state': 42, 'shrinking': True, 'tol': 0.001, 'verbose': False}",no,0.22870178712187816,0.2082948459272614,0.7578093040907639,0.7339124839124839,0.2359711251874824,0.16841477606808897,0.7634168157423972,0.6854017351942663
"['Sensor101', 'Sensor112', 'Sensor184', 'Sensor346', 'Sensor407', 'Sensor424', 'Sensor456']",7,SVC,"{'C': 0.8434066470425393, 'break_ties': False, 'cache_size': 200, 'class_weight': 'balanced', 'coef0': 0.0, 'decision_function_shape': 'ovr', 'degree': 3, 'gamma': 'scale', 'kernel': 'linear', 'max_iter': -1, 'probability': True, 'random_state': 42, 'shrinking': True, 'tol': 0.001, 'verbose': False}",no,0.2227618816275641,0.2077173459446812,0.7512453060083093,0.7339205276705277,0.22024869556148374,0.1430663789849939,0.7450805008944543,0.6523953225198038
"['Sensor101', 'Sensor112', 'Sensor184', 'Sensor346', 'Sensor407', 'Sensor424', 'Sensor456']",7,SVC,"{'C': 0.8541417587616424, 'break_ties': False, 'cache_size': 200, 'class_weight': 'balanced', 'coef0': 0.0, 'decision_function_shape': 'ovr', 'degree': 3, 'gamma': 'scale', 'kernel': 'linear', 'max_iter': -1, 'probability': True, 'random_state': 42, 'shrinking': True, 'tol': 0.001, 'verbose': False}",no,0.22251271931909872,0.2077173459446812,0.751022091722595,0.7339205276705277,0.22024869556148374,0.1430663789849939,0.7450805008944543,0.6523953225198038
"['Sensor101', 'Sensor112', 'Sensor184', 'Sensor320', 'Sensor346', 'Sensor407', 'Sensor424', 'Sensor456', 1, 2]",8,LogisticRegression,"{'C': 0.33254065596403265, 'class_weight': 'balanced', 'dual': False, 'fit_intercept': True, 'intercept_scaling': 1, 'l1_ratio': None, 'max_iter': 1000000, 'multi_class': 'auto', 'n_jobs': -1, 'penalty': 'l2', 'random_state': 42, 'solver': 'lbfgs', 'tol': 0.0001, 'verbose': 0, 'warm_start': False}",yes,0.22331842016317224,0.1866390653880013,0.7439682206775327,0.6996315958815958,0.20508563526566465,0.1430663789849939,0.7209302325581395,0.6523953225198038
"['Sensor101', 'Sensor112', 'Sensor184', 'Sensor320', 'Sensor346', 'Sensor407', 'Sensor424', 'Sensor456']",8,LogisticRegression,"{'C': 0.9977389961241495, 'class_weight': 'balanced', 'dual': False, 'fit_intercept': True, 'intercept_scaling': 1, 'l1_ratio': None, 'max_iter': 1000000, 'multi_class': 'auto', 'n_jobs': -1, 'penalty': 'l2', 'random_state': 42, 'solver': 'lbfgs', 'tol': 0.0001, 'verbose': 0, 'warm_start': False}",no,0.2546047181104737,0.22383181028604895,0.7749429729945669,0.7389687902187903,0.24376799187327075,0.19062656850671758,0.7620751341681574,0.7019992455677103
"['Sensor101', 'Sensor112', 'Sensor184', 'Sensor320', 'Sensor346', 'Sensor407', 'Sensor424', 'Sensor456']",8,LogisticRegression,"{'C': 0.9805396499752583, 'class_weight': 'balanced', 'dual': False, 'fit_intercept': True, 'intercept_scaling': 1, 'l1_ratio': None, 'max_iter': 1000000, 'multi_class': 'auto', 'n_jobs': -1, 'penalty': 'l2', 'random_state': 42, 'solver': 'lbfgs', 'tol': 0.0001, 'verbose': 0, 'warm_start': False}",no,0.25525906975306417,0.22383181028604895,0.7753899009268136,0.7389687902187903,0.24376799187327075,0.19062656850671758,0.7620751341681574,0.7019992455677103
"['Sensor101', 'Sensor112', 'Sensor184', 'Sensor320', 'Sensor346', 'Sensor407', 'Sensor424', 'Sensor456']",8,LogisticRegression,"{'C': 0.9957675012609741, 'class_weight': 'balanced', 'dual': False, 'fit_intercept': True, 'intercept_scaling': 1, 'l1_ratio': None, 'max_iter': 1000000, 'multi_class': 'auto', 'n_jobs': -1, 'penalty': 'l2', 'random_state': 42, 'solver': 'lbfgs', 'tol': 0.0001, 'verbose': 0, 'warm_start': False}",no,0.2549364390048065,0.22383181028604895,0.7751666866410993,0.7389687902187903,0.24376799187327075,0.19062656850671758,0.7620751341681574,0.7019992455677103
"['Sensor101', 'Sensor112', 'Sensor184', 'Sensor320', 'Sensor346', 'Sensor407', 'Sensor424', 'Sensor456', 1, 2]",8,SVC,"{'C': 0.3570155898671394, 'break_ties': False, 'cache_size': 200, 'class_weight': 'balanced', 'coef0': 0.0, 'decision_function_shape': 'ovr', 'degree': 3, 'gamma': 'scale', 'kernel': 'linear', 'max_iter': -1, 'probability': True, 'random_state': 42, 'shrinking': True, 'tol': 0.001, 'verbose': False}",yes,0.23700099452683787,0.17879427932261288,0.764072786832854,0.7008092020592022,0.25042659476463464,0.16327909262482448,0.7808586762075134,0.6812523576009053
"['Sensor101', 'Sensor112', 'Sensor184', 'Sensor320', 'Sensor346', 'Sensor407', 'Sensor424', 'Sensor456']",8,SVC,"{'C': 0.6123122792985041, 'break_ties': False, 'cache_size': 200, 'class_weight': 'balanced', 'coef0': 0.0, 'decision_function_shape': 'ovr', 'degree': 3, 'gamma': 'scale', 'kernel': 'linear', 'max_iter': -1, 'probability': True, 'random_state': 42, 'shrinking': True, 'tol': 0.001, 'verbose': False}",no,0.220651316981919,0.2096982377640178,0.7496798098434005,0.7348053410553411,0.2348006762269213,0.16841477606808897,0.7625223613595706,0.6854017351942663
"['Sensor101', 'Sensor112', 'Sensor184', 'Sensor320', 'Sensor346', 'Sensor407', 'Sensor424', 'Sensor456']",8,SVC,"{'C': 0.44253613835988836, 'break_ties': False, 'cache_size': 200, 'class_weight': 'balanced', 'coef0': 0.0, 'decision_function_shape': 'ovr', 'degree': 3, 'gamma': 'scale', 'kernel': 'linear', 'max_iter': -1, 'probability': True, 'random_state': 42, 'shrinking': True, 'tol': 0.001, 'verbose': False}",no,0.22728643733389786,0.20957142485765928,0.7566917345797378,0.7348133848133849,0.23133358580069147,0.16327909262482448,0.7598389982110912,0.6812523576009053
"['Sensor101', 'Sensor112', 'Sensor184', 'Sensor320', 'Sensor346', 'Sensor407', 'Sensor424', 'Sensor456']",8,SVC,"{'C': 0.43750522320392154, 'break_ties': False, 'cache_size': 200, 'class_weight': 'balanced', 'coef0': 0.0, 'decision_function_shape': 'ovr', 'degree': 3, 'gamma': 'scale', 'kernel': 'linear', 'max_iter': -1, 'probability': True, 'random_state': 42, 'shrinking': True, 'tol': 0.001, 'verbose': False}",no,0.22699790784464513,0.20957142485765928,0.7564680209332055,0.7348133848133849,0.23133358580069147,0.16327909262482448,0.7598389982110912,0.6812523576009053
"['Sensor101', 'Sensor112', 'Sensor184', 'Sensor320', 'Sensor346', 'Sensor407', 'Sensor424', 'Sensor456']",8,SVC,"{'C': 0.6212657227342177, 'break_ties': False, 'cache_size': 200, 'class_weight': 'balanced', 'coef0': 0.0, 'decision_function_shape': 'ovr', 'degree': 3, 'gamma': 'scale', 'kernel': 'linear', 'max_iter': -1, 'probability': True, 'random_state': 42, 'shrinking': True, 'tol': 0.001, 'verbose': False}",no,0.220651316981919,0.2096982377640178,0.7496798098434005,0.7348053410553411,0.2348006762269213,0.16841477606808897,0.7625223613595706,0.6854017351942663
"['Sensor101', 'Sensor112', 'Sensor184', 'Sensor320', 'Sensor346', 'Sensor407', 'Sensor424', 'Sensor456', 1, 2]",8,GradientBoostingClassifier,"{'ccp_alpha': 0.0011137011137011133, 'criterion': 'friedman_mse', 'init': None, 'learning_rate': 0.006490503588873879, 'loss': 'deviance', 'max_depth': None, 'max_features': None, 'max_leaf_nodes': None, 'min_impurity_decrease': 0.0, 'min_samples_leaf': 1, 'min_samples_split': 2, 'min_weight_fraction_leaf': 0.0, 'n_estimators': 291, 'n_iter_no_change': None, 'random_state': 42, 'subsample': 0.1966810664341289, 'tol': 0.0001, 'validation_fraction': 0.1, 'verbose': 0, 'warm_start': False}",yes,0.3451612438281233,0.1718506196322268,0.5626190476190477,0.5391071428571429,0.33290350293747467,0.2954440975502043,0.5576923076923077,0.5454545454545454
"['Sensor101', 'Sensor112', 'Sensor184', 'Sensor320', 'Sensor346', 'Sensor407', 'Sensor424', 'Sensor456']",8,GradientBoostingClassifier,"{'ccp_alpha': 0.0020512820512820513, 'criterion': 'friedman_mse', 'init': None, 'learning_rate': 0.009051766671443771, 'loss': 'deviance', 'max_depth': None, 'max_features': None, 'max_leaf_nodes': None, 'min_impurity_decrease': 0.0, 'min_samples_leaf': 1, 'min_samples_split': 2, 'min_weight_fraction_leaf': 0.0, 'n_estimators': 455, 'n_iter_no_change': None, 'random_state': 42, 'subsample': 0.17396212171172631, 'tol': 0.0001, 'validation_fraction': 0.1, 'verbose': 0, 'warm_start': False}",no,0.38253490127935336,0.11638121158249777,0.5953100031959092,0.5528410553410553,0.4305169306615094,0.15562485151339417,0.5961538461538461,0.5413051678611844
"['Sensor101', 'Sensor112', 'Sensor153', 'Sensor184', 'Sensor320', 'Sensor346', 'Sensor407', 'Sensor424', 'Sensor456', 1, 2]",9,SVC,"{'C': 0.08462023465750165, 'break_ties': False, 'cache_size': 200, 'class_weight': 'balanced', 'coef0': 0.0, 'decision_function_shape': 'ovr', 'degree': 3, 'gamma': 'scale', 'kernel': 'linear', 'max_iter': -1, 'probability': True, 'random_state': 42, 'shrinking': True, 'tol': 0.001, 'verbose': False}",yes,0.2262208530559105,0.16668360220409664,0.7553320749440716,0.6901110038610039,0.20150795952329334,0.12767748737686133,0.7298747763864043,0.6399471897397209
"['Sensor101', 'Sensor112', 'Sensor153', 'Sensor184', 'Sensor320', 'Sensor346', 'Sensor407', 'Sensor424', 'Sensor456']",9,SVC,"{'C': 0.06515490626646514, 'break_ties': False, 'cache_size': 200, 'class_weight': 'balanced', 'coef0': 0.0, 'decision_function_shape': 'ovr', 'degree': 3, 'gamma': 'scale', 'kernel': 'linear', 'max_iter': -1, 'probability': True, 'random_state': 42, 'shrinking': True, 'tol': 0.001, 'verbose': False}",no,0.22492688970323788,0.205520635414014,0.753026026685842,0.7319208494208495,0.21341618242542276,0.13519902917926244,0.7397137745974955,0.6461712561297623
"['Sensor101', 'Sensor112', 'Sensor153', 'Sensor184', 'Sensor288', 'Sensor320', 'Sensor346', 'Sensor407', 'Sensor424', 'Sensor456', 1, 2]",10,SVC,"{'C': 0.07682661188247361, 'break_ties': False, 'cache_size': 200, 'class_weight': 'balanced', 'coef0': 0.0, 'decision_function_shape': 'ovr', 'degree': 3, 'gamma': 'scale', 'kernel': 'linear', 'max_iter': -1, 'probability': True, 'random_state': 42, 'shrinking': True, 'tol': 0.001, 'verbose': False}",yes,0.2295350192851488,0.19648935330051573,0.7582318632150846,0.7190878378378378,0.20682730990515216,0.1252402861706745,0.7343470483005368,0.6378725009430404
"['Sensor101', 'Sensor112', 'Sensor153', 'Sensor184', 'Sensor288', 'Sensor320', 'Sensor346', 'Sensor407', 'Sensor424', 'Sensor456']",10,SVC,"{'C': 0.046430367415888435, 'break_ties': False, 'cache_size': 200, 'class_weight': 'balanced', 'coef0': 0.0, 'decision_function_shape': 'ovr', 'degree': 3, 'gamma': 'scale', 'kernel': 'linear', 'max_iter': -1, 'probability': True, 'random_state': 42, 'shrinking': True, 'tol': 0.001, 'verbose': False}",no,0.220535772728208,0.1974033959092612,0.7494436121764141,0.7247940797940797,0.20361779944240194,0.13519902917926244,0.7316636851520573,0.6461712561297623
"['Sensor101', 'Sensor112', 'Sensor153', 'Sensor184', 'Sensor288', 'Sensor320', 'Sensor337', 'Sensor346', 'Sensor407', 'Sensor424', 'Sensor456', 1, 2]",11,SVC,"{'C': 0.05267624721969483, 'break_ties': False, 'cache_size': 200, 'class_weight': 'balanced', 'coef0': 0.0, 'decision_function_shape': 'ovr', 'degree': 3, 'gamma': 'scale', 'kernel': 'linear', 'max_iter': -1, 'probability': True, 'random_state': 42, 'shrinking': True, 'tol': 0.001, 'verbose': False}",yes,0.2095228038107725,0.19822826023900958,0.7438253036113774,0.7278056628056627,0.20370613266541904,0.12658317580589193,0.7365831842576029,0.6480573368540173
"['Sensor101', 'Sensor104', 'Sensor112', 'Sensor153', 'Sensor184', 'Sensor288', 'Sensor320', 'Sensor337', 'Sensor346', 'Sensor407', 'Sensor424', 'Sensor456', 1, 2, 3]",12,LogisticRegression,"{'C': 0.2079901684838715, 'class_weight': 'balanced', 'dual': False, 'fit_intercept': True, 'intercept_scaling': 1, 'l1_ratio': None, 'max_iter': 1000000, 'multi_class': 'auto', 'n_jobs': -1, 'penalty': 'l2', 'random_state': 42, 'solver': 'lbfgs', 'tol': 0.0001, 'verbose': 0, 'warm_start': False}",yes,0.2505989708798523,0.22188769901370892,0.7685471596356663,0.7378539253539254,0.24376799187327075,0.18768609124269006,0.7620751341681574,0.6999245567710297
"['Sensor101', 'Sensor104', 'Sensor112', 'Sensor153', 'Sensor184', 'Sensor288', 'Sensor320', 'Sensor337', 'Sensor346', 'Sensor407', 'Sensor424', 'Sensor456', 1, 2, 3]",12,LogisticRegression,"{'C': 0.20120210292975846, 'class_weight': 'balanced', 'dual': False, 'fit_intercept': True, 'intercept_scaling': 1, 'l1_ratio': None, 'max_iter': 1000000, 'multi_class': 'auto', 'n_jobs': -1, 'penalty': 'l2', 'random_state': 42, 'solver': 'lbfgs', 'tol': 0.0001, 'verbose': 0, 'warm_start': False}",yes,0.24959200989742958,0.22188769901370892,0.7678765180568872,0.7378539253539254,0.2450965257642723,0.18768609124269006,0.762969588550984,0.6999245567710297
"['Sensor101', 'Sensor104', 'Sensor112', 'Sensor153', 'Sensor184', 'Sensor288', 'Sensor320', 'Sensor337', 'Sensor346', 'Sensor407', 'Sensor424', 'Sensor456']",12,LogisticRegression,"{'C': 0.13895041198116762, 'class_weight': 'balanced', 'dual': False, 'fit_intercept': True, 'intercept_scaling': 1, 'l1_ratio': None, 'max_iter': 1000000, 'multi_class': 'auto', 'n_jobs': -1, 'penalty': 'l2', 'random_state': 42, 'solver': 'lbfgs', 'tol': 0.0001, 'verbose': 0, 'warm_start': False}",no,0.23904400200953013,0.20779702264206415,0.7551553012144454,0.7187548262548262,0.25189446228869783,0.19666799804010537,0.7674418604651163,0.7061486231610713
"['Sensor101', 'Sensor104', 'Sensor112', 'Sensor153', 'Sensor184', 'Sensor288', 'Sensor320', 'Sensor337', 'Sensor346', 'Sensor407', 'Sensor424', 'Sensor456']",12,SVC,"{'C': 0.03248780333828404, 'break_ties': False, 'cache_size': 200, 'class_weight': 'balanced', 'coef0': 0.0, 'decision_function_shape': 'ovr', 'degree': 3, 'gamma': 'scale', 'kernel': 'linear', 'max_iter': -1, 'probability': True, 'random_state': 42, 'shrinking': True, 'tol': 0.001, 'verbose': False}",no,0.2089520486490212,0.18830746246918445,0.7285763223074465,0.6999646074646074,0.22239441362559956,0.14406842727077707,0.7526833631484795,0.6646548472274614
"['Sensor56', 'Sensor101', 'Sensor104', 'Sensor112', 'Sensor153', 'Sensor184', 'Sensor288', 'Sensor320', 'Sensor337', 'Sensor346', 'Sensor407', 'Sensor424', 'Sensor456', 1, 2, 3]",13,LogisticRegression,"{'C': 0.1885996304235798, 'class_weight': 'balanced', 'dual': False, 'fit_intercept': True, 'intercept_scaling': 1, 'l1_ratio': None, 'max_iter': 1000000, 'multi_class': 'auto', 'n_jobs': -1, 'penalty': 'l2', 'random_state': 42, 'solver': 'lbfgs', 'tol': 0.0001, 'verbose': 0, 'warm_start': False}",yes,0.24833669784575213,0.2204567522740127,0.7669811641099392,0.7369610682110682,0.24376799187327075,0.18768609124269006,0.7620751341681574,0.6999245567710297
"['Sensor56', 'Sensor101', 'Sensor104', 'Sensor112', 'Sensor153', 'Sensor184', 'Sensor288', 'Sensor320', 'Sensor337', 'Sensor346', 'Sensor407', 'Sensor424', 'Sensor456']",13,LogisticRegression,"{'C': 0.16166212146889028, 'class_weight': 'balanced', 'dual': False, 'fit_intercept': True, 'intercept_scaling': 1, 'l1_ratio': None, 'max_iter': 1000000, 'multi_class': 'auto', 'n_jobs': -1, 'penalty': 'l2', 'random_state': 42, 'solver': 'lbfgs', 'tol': 0.0001, 'verbose': 0, 'warm_start': False}",no,0.25109133394248123,0.2086373813414105,0.7669147491211249,0.7196396396396396,0.25468940967486164,0.21625398257888132,0.7692307692307693,0.7185967559411544
"['Sensor56', 'Sensor101', 'Sensor104', 'Sensor112', 'Sensor153', 'Sensor184', 'Sensor288', 'Sensor320', 'Sensor337', 'Sensor346', 'Sensor407', 'Sensor424', 'Sensor456', 1, 2, 3]",13,SVC,"{'C': 0.019690591429271667, 'break_ties': False, 'cache_size': 200, 'class_weight': 'balanced', 'coef0': 0.0, 'decision_function_shape': 'ovr', 'degree': 3, 'gamma': 'scale', 'kernel': 'linear', 'max_iter': -1, 'probability': True, 'random_state': 42, 'shrinking': True, 'tol': 0.001, 'verbose': False}",yes,0.1783871806715637,0.1622447674339876,0.7078248841482904,0.6832850707850708,0.1660448294073163,0.11835137493757007,0.6967799642218246,0.6397585816672954
"['Sensor56', 'Sensor101', 'Sensor104', 'Sensor112', 'Sensor153', 'Sensor184', 'Sensor288', 'Sensor320', 'Sensor337', 'Sensor346', 'Sensor407', 'Sensor424', 'Sensor456']",13,SVC,"{'C': 0.036765130355400695, 'break_ties': False, 'cache_size': 200, 'class_weight': 'balanced', 'coef0': 0.0, 'decision_function_shape': 'ovr', 'degree': 3, 'gamma': 'scale', 'kernel': 'linear', 'max_iter': -1, 'probability': True, 'random_state': 42, 'shrinking': True, 'tol': 0.001, 'verbose': False}",no,0.223531732824231,0.18996285139134925,0.7437563918184724,0.6999726512226513,0.20575139211410254,0.14406842727077707,0.7334525939177102,0.6646548472274614
"['Sensor56', 'Sensor101', 'Sensor104', 'Sensor112', 'Sensor153', 'Sensor184', 'Sensor288', 'Sensor320', 'Sensor337', 'Sensor346', 'Sensor407', 'Sensor424', 'Sensor426', 'Sensor456', 1, 2, 3]",14,LogisticRegression,"{'C': 0.14460108323041201, 'class_weight': 'balanced', 'dual': False, 'fit_intercept': True, 'intercept_scaling': 1, 'l1_ratio': None, 'max_iter': 1000000, 'multi_class': 'auto', 'n_jobs': -1, 'penalty': 'l2', 'random_state': 42, 'solver': 'lbfgs', 'tol': 0.0001, 'verbose': 0, 'warm_start': False}",yes,0.2429946383033454,0.22176688090364932,0.761550615212528,0.7360521235521236,0.24643518185069116,0.19062656850671758,0.7638640429338104,0.7019992455677103
"['Sensor56', 'Sensor101', 'Sensor104', 'Sensor112', 'Sensor153', 'Sensor184', 'Sensor288', 'Sensor320', 'Sensor337', 'Sensor346', 'Sensor407', 'Sensor424', 'Sensor426', 'Sensor456']",14,LogisticRegression,"{'C': 0.17026084959145452, 'class_weight': 'balanced', 'dual': False, 'fit_intercept': True, 'intercept_scaling': 1, 'l1_ratio': None, 'max_iter': 1000000, 'multi_class': 'auto', 'n_jobs': -1, 'penalty': 'l2', 'random_state': 42, 'solver': 'lbfgs', 'tol': 0.0001, 'verbose': 0, 'warm_start': False}",no,0.2605563388913765,0.22516319949351624,0.7768839884947267,0.7387387387387387,0.2532863390056094,0.17242821894811677,0.7683363148479427,0.6731422104866088
"['Sensor56', 'Sensor101', 'Sensor104', 'Sensor112', 'Sensor153', 'Sensor184', 'Sensor288', 'Sensor320', 'Sensor337', 'Sensor346', 'Sensor407', 'Sensor424', 'Sensor426', 'Sensor456', 1, 2, 3]",14,SVC,"{'C': 0.019693834532500974, 'break_ties': False, 'cache_size': 200, 'class_weight': 'balanced', 'coef0': 0.0, 'decision_function_shape': 'ovr', 'degree': 3, 'gamma': 'scale', 'kernel': 'linear', 'max_iter': -1, 'probability': True, 'random_state': 42, 'shrinking': True, 'tol': 0.001, 'verbose': False}",yes,0.17081621135494468,0.14024826526386752,0.6956484699584531,0.6530984555984556,0.1678155547552204,0.11835137493757007,0.6985688729874777,0.6397585816672954
"['Sensor56', 'Sensor101', 'Sensor104', 'Sensor112', 'Sensor153', 'Sensor184', 'Sensor288', 'Sensor320', 'Sensor337', 'Sensor346', 'Sensor407', 'Sensor424', 'Sensor426', 'Sensor456']",14,SVC,"{'C': 0.017761623878423068, 'break_ties': False, 'cache_size': 200, 'class_weight': 'balanced', 'coef0': 0.0, 'decision_function_shape': 'ovr', 'degree': 3, 'gamma': 'scale', 'kernel': 'linear', 'max_iter': -1, 'probability': True, 'random_state': 42, 'shrinking': True, 'tol': 0.001, 'verbose': False}",no,0.19318481358805012,0.17452891325440426,0.710167086129754,0.6835682110682111,0.1965928522594982,0.14636531919675186,0.7204830053667263,0.6667295360241419
"['Sensor56', 'Sensor101', 'Sensor104', 'Sensor112', 'Sensor130', 'Sensor153', 'Sensor184', 'Sensor288', 'Sensor320', 'Sensor337', 'Sensor346', 'Sensor407', 'Sensor424', 'Sensor426', 'Sensor456', 1, 2, 3]",15,LogisticRegression,"{'C': 0.12600027572196518, 'class_weight': 'balanced', 'dual': False, 'fit_intercept': True, 'intercept_scaling': 1, 'l1_ratio': None, 'max_iter': 1000000, 'multi_class': 'auto', 'n_jobs': -1, 'penalty': 'l2', 'random_state': 42, 'solver': 'lbfgs', 'tol': 0.0001, 'verbose': 0, 'warm_start': False}",yes,0.23476753687899432,0.2294946788502632,0.7506201062639821,0.7396396396396396,0.22894918675171447,0.2029389192409569,0.7446332737030411,0.7102980007544323
"['Sensor56', 'Sensor101', 'Sensor104', 'Sensor112', 'Sensor130', 'Sensor153', 'Sensor184', 'Sensor288', 'Sensor320', 'Sensor337', 'Sensor346', 'Sensor407', 'Sensor424', 'Sensor426', 'Sensor456']",15,LogisticRegression,"{'C': 0.568266735661347, 'class_weight': 'balanced', 'dual': False, 'fit_intercept': True, 'intercept_scaling': 1, 'l1_ratio': None, 'max_iter': 1000000, 'multi_class': 'auto', 'n_jobs': -1, 'penalty': 'l2', 'random_state': 42, 'solver': 'lbfgs', 'tol': 0.0001, 'verbose': 0, 'warm_start': False}",no,0.27066643442347754,0.24101026614274454,0.7831325902844359,0.7487902187902188,0.25610386743496244,0.17568973069136412,0.7701252236135958,0.6752168992832893
"['Sensor56', 'Sensor101', 'Sensor104', 'Sensor112', 'Sensor130', 'Sensor153', 'Sensor184', 'Sensor288', 'Sensor320', 'Sensor337', 'Sensor346', 'Sensor407', 'Sensor424', 'Sensor426', 'Sensor456']",15,LogisticRegression,"{'C': 0.5550500918886939, 'class_weight': 'balanced', 'dual': False, 'fit_intercept': True, 'intercept_scaling': 1, 'l1_ratio': None, 'max_iter': 1000000, 'multi_class': 'auto', 'n_jobs': -1, 'penalty': 'l2', 'random_state': 42, 'solver': 'lbfgs', 'tol': 0.0001, 'verbose': 0, 'warm_start': False}",no,0.26954577775178384,0.24101026614274454,0.7824624480664749,0.7487902187902188,0.25610386743496244,0.17568973069136412,0.7701252236135958,0.6752168992832893
"['Sensor56', 'Sensor101', 'Sensor104', 'Sensor112', 'Sensor130', 'Sensor153', 'Sensor184', 'Sensor288', 'Sensor320', 'Sensor337', 'Sensor346', 'Sensor407', 'Sensor424', 'Sensor426', 'Sensor456', 1, 2, 3]",15,SVC,"{'C': 0.026003560741455913, 'break_ties': False, 'cache_size': 200, 'class_weight': 'balanced', 'coef0': 0.0, 'decision_function_shape': 'ovr', 'degree': 3, 'gamma': 'scale', 'kernel': 'linear', 'max_iter': -1, 'probability': True, 'random_state': 42, 'shrinking': True, 'tol': 0.001, 'verbose': False}",yes,0.20157073828907826,0.13055615111823318,0.7247086728986897,0.6420511583011583,0.19531441671286776,0.13733465419387045,0.7245080500894454,0.6584307808374199
"['Sensor56', 'Sensor101', 'Sensor104', 'Sensor112', 'Sensor130', 'Sensor153', 'Sensor184', 'Sensor288', 'Sensor320', 'Sensor337', 'Sensor346', 'Sensor407', 'Sensor424', 'Sensor426', 'Sensor456']",15,SVC,"{'C': 0.013016693152261814, 'break_ties': False, 'cache_size': 200, 'class_weight': 'balanced', 'coef0': 0.0, 'decision_function_shape': 'ovr', 'degree': 3, 'gamma': 'scale', 'kernel': 'linear', 'max_iter': -1, 'probability': True, 'random_state': 42, 'shrinking': True, 'tol': 0.001, 'verbose': False}",no,0.19522268034945953,0.19727632725149571,0.7086919742729307,0.7014655727155727,0.2102574049080285,0.15584037418278635,0.7312164579606439,0.6750282912108638
"['Sensor56', 'Sensor101', 'Sensor104', 'Sensor112', 'Sensor130', 'Sensor153', 'Sensor184', 'Sensor288', 'Sensor320', 'Sensor337', 'Sensor340', 'Sensor346', 'Sensor407', 'Sensor424', 'Sensor426', 'Sensor456', 1, 2, 3]",16,LogisticRegression,"{'C': 0.12497240195978157, 'class_weight': 'balanced', 'dual': False, 'fit_intercept': True, 'intercept_scaling': 1, 'l1_ratio': None, 'max_iter': 1000000, 'multi_class': 'auto', 'n_jobs': -1, 'penalty': 'l2', 'random_state': 42, 'solver': 'lbfgs', 'tol': 0.0001, 'verbose': 0, 'warm_start': False}",yes,0.24335384881650973,0.22848956748564295,0.7583016738574624,0.7387467824967825,0.2302690292014832,0.19977354210514406,0.7455277280858676,0.7082233119577518
"['Sensor56', 'Sensor101', 'Sensor104', 'Sensor112', 'Sensor130', 'Sensor153', 'Sensor184', 'Sensor288', 'Sensor320', 'Sensor337', 'Sensor340', 'Sensor346', 'Sensor407', 'Sensor424', 'Sensor426', 'Sensor456']",16,LogisticRegression,"{'C': 0.2189685110585522, 'class_weight': 'balanced', 'dual': False, 'fit_intercept': True, 'intercept_scaling': 1, 'l1_ratio': None, 'max_iter': 1000000, 'multi_class': 'auto', 'n_jobs': -1, 'penalty': 'l2', 'random_state': 42, 'solver': 'lbfgs', 'tol': 0.0001, 'verbose': 0, 'warm_start': False}",no,0.2713953983631816,0.23726342898704708,0.7856702420901246,0.744980694980695,0.2796286944337924,0.21282124281299192,0.7929338103756709,0.7165220671444738
"['Sensor56', 'Sensor101', 'Sensor104', 'Sensor112', 'Sensor130', 'Sensor153', 'Sensor184', 'Sensor288', 'Sensor320', 'Sensor337', 'Sensor340', 'Sensor346', 'Sensor407', 'Sensor424', 'Sensor426', 'Sensor456', 1, 2, 3]",16,SVC,"{'C': 0.024080100772723212, 'break_ties': False, 'cache_size': 200, 'class_weight': 'balanced', 'coef0': 0.0, 'decision_function_shape': 'ovr', 'degree': 3, 'gamma': 'scale', 'kernel': 'linear', 'max_iter': -1, 'probability': True, 'random_state': 42, 'shrinking': True, 'tol': 0.001, 'verbose': False}",yes,0.19908430993330273,0.11345370019773855,0.7229184643656119,0.6220672458172458,0.1932931556276519,0.1351393943573054,0.7227191413237926,0.6563560920407394
"['Sensor56', 'Sensor101', 'Sensor104', 'Sensor112', 'Sensor130', 'Sensor153', 'Sensor184', 'Sensor200', 'Sensor288', 'Sensor320', 'Sensor337', 'Sensor340', 'Sensor346', 'Sensor407', 'Sensor424', 'Sensor426', 'Sensor456', 1, 2, 3]",17,LogisticRegression,"{'C': 0.4512190972201907, 'class_weight': 'balanced', 'dual': False, 'fit_intercept': True, 'intercept_scaling': 1, 'l1_ratio': None, 'max_iter': 1000000, 'multi_class': 'auto', 'n_jobs': -1, 'penalty': 'l2', 'random_state': 42, 'solver': 'lbfgs', 'tol': 0.0001, 'verbose': 0, 'warm_start': False}",yes,0.26825164279962005,0.23448020211754056,0.7794872563119208,0.7348021235521235,0.26938060848930045,0.21625398257888132,0.7781753130590341,0.7185967559411544
"['Sensor56', 'Sensor101', 'Sensor104', 'Sensor112', 'Sensor130', 'Sensor153', 'Sensor184', 'Sensor200', 'Sensor288', 'Sensor320', 'Sensor337', 'Sensor340', 'Sensor346', 'Sensor407', 'Sensor424', 'Sensor426', 'Sensor456', 1, 2, 3]",17,LogisticRegression,"{'C': 0.4589710585670031, 'class_weight': 'balanced', 'dual': False, 'fit_intercept': True, 'intercept_scaling': 1, 'l1_ratio': None, 'max_iter': 1000000, 'multi_class': 'auto', 'n_jobs': -1, 'penalty': 'l2', 'random_state': 42, 'solver': 'lbfgs', 'tol': 0.0001, 'verbose': 0, 'warm_start': False}",yes,0.26825164279962005,0.23448020211754056,0.7794872563119208,0.7348021235521235,0.26938060848930045,0.21625398257888132,0.7781753130590341,0.7185967559411544
"['Sensor56', 'Sensor101', 'Sensor104', 'Sensor112', 'Sensor130', 'Sensor153', 'Sensor184', 'Sensor200', 'Sensor288', 'Sensor320', 'Sensor337', 'Sensor340', 'Sensor346', 'Sensor407', 'Sensor424', 'Sensor426', 'Sensor456', 1, 2, 3]",17,LogisticRegression,"{'C': 0.45106354362520973, 'class_weight': 'balanced', 'dual': False, 'fit_intercept': True, 'intercept_scaling': 1, 'l1_ratio': None, 'max_iter': 1000000, 'multi_class': 'auto', 'n_jobs': -1, 'penalty': 'l2', 'random_state': 42, 'solver': 'lbfgs', 'tol': 0.0001, 'verbose': 0, 'warm_start': False}",yes,0.26825164279962005,0.23448020211754056,0.7794872563119208,0.7348021235521235,0.26938060848930045,0.21625398257888132,0.7781753130590341,0.7185967559411544
"['Sensor56', 'Sensor101', 'Sensor104', 'Sensor112', 'Sensor130', 'Sensor153', 'Sensor184', 'Sensor200', 'Sensor288', 'Sensor320', 'Sensor337', 'Sensor340', 'Sensor346', 'Sensor407', 'Sensor424', 'Sensor426', 'Sensor456', 1, 2, 3]",17,LogisticRegression,"{'C': 0.11090504932167926, 'class_weight': 'balanced', 'dual': False, 'fit_intercept': True, 'intercept_scaling': 1, 'l1_ratio': None, 'max_iter': 1000000, 'multi_class': 'auto', 'n_jobs': -1, 'penalty': 'l2', 'random_state': 42, 'solver': 'lbfgs', 'tol': 0.0001, 'verbose': 0, 'warm_start': False}",yes,0.23616124662797264,0.23281036549665918,0.7512852548737616,0.7414012226512228,0.2356511647656112,0.22918962346490676,0.7491055456171736,0.7453791022255752
"['Sensor56', 'Sensor101', 'Sensor104', 'Sensor112', 'Sensor130', 'Sensor153', 'Sensor184', 'Sensor200', 'Sensor288', 'Sensor320', 'Sensor337', 'Sensor340', 'Sensor346', 'Sensor407', 'Sensor424', 'Sensor426', 'Sensor456']",17,LogisticRegression,"{'C': 0.24466801998309295, 'class_weight': 'balanced', 'dual': False, 'fit_intercept': True, 'intercept_scaling': 1, 'l1_ratio': None, 'max_iter': 1000000, 'multi_class': 'auto', 'n_jobs': -1, 'penalty': 'l2', 'random_state': 42, 'solver': 'lbfgs', 'tol': 0.0001, 'verbose': 0, 'warm_start': False}",no,0.2719782131404711,0.23669575271954074,0.7861191674656439,0.744980694980695,0.2722828144310301,0.21282124281299192,0.7884615384615385,0.7165220671444738
"['Sensor56', 'Sensor101', 'Sensor104', 'Sensor112', 'Sensor130', 'Sensor153', 'Sensor184', 'Sensor200', 'Sensor288', 'Sensor320', 'Sensor337', 'Sensor340', 'Sensor346', 'Sensor407', 'Sensor424', 'Sensor426', 'Sensor456', 1, 2, 3]",17,SVC,"{'C': 0.03772553769329651, 'break_ties': False, 'cache_size': 200, 'class_weight': 'balanced', 'coef0': 0.0, 'decision_function_shape': 'ovr', 'degree': 3, 'gamma': 'scale', 'kernel': 'linear', 'max_iter': -1, 'probability': True, 'random_state': 42, 'shrinking': True, 'tol': 0.001, 'verbose': False}",yes,0.21479301109112722,0.19755970809586068,0.7419506032278683,0.7119288931788932,0.19549877905015406,0.11580694587678814,0.7195885509838997,0.6295737457563184
"['Sensor56', 'Sensor101', 'Sensor104', 'Sensor112', 'Sensor130', 'Sensor153', 'Sensor184', 'Sensor200', 'Sensor288', 'Sensor320', 'Sensor324', 'Sensor337', 'Sensor340', 'Sensor346', 'Sensor407', 'Sensor424', 'Sensor426', 'Sensor456', 1, 2, 3]",18,LogisticRegression,"{'C': 0.11998647048415262, 'class_weight': 'balanced', 'dual': False, 'fit_intercept': True, 'intercept_scaling': 1, 'l1_ratio': None, 'max_iter': 1000000, 'multi_class': 'auto', 'n_jobs': -1, 'penalty': 'l2', 'random_state': 42, 'solver': 'lbfgs', 'tol': 0.0001, 'verbose': 0, 'warm_start': False}",yes,0.2519135631796147,0.2289883904642057,0.767359679610099,0.7396155083655083,0.23840640174800704,0.2354798787435923,0.7508944543828264,0.7495284798189363
"['Sensor56', 'Sensor101', 'Sensor104', 'Sensor112', 'Sensor130', 'Sensor153', 'Sensor184', 'Sensor200', 'Sensor288', 'Sensor320', 'Sensor324', 'Sensor337', 'Sensor340', 'Sensor346', 'Sensor407', 'Sensor424', 'Sensor426', 'Sensor456']",18,LogisticRegression,"{'C': 0.22818617577268246, 'class_weight': 'balanced', 'dual': False, 'fit_intercept': True, 'intercept_scaling': 1, 'l1_ratio': None, 'max_iter': 1000000, 'multi_class': 'auto', 'n_jobs': -1, 'penalty': 'l2', 'random_state': 42, 'solver': 'lbfgs', 'tol': 0.0001, 'verbose': 0, 'warm_start': False}",no,0.2756355430920671,0.23873465274569852,0.790434144295302,0.7467664092664094,0.2722828144310301,0.20945988815760863,0.7884615384615385,0.7144473783477933
"['Sensor56', 'Sensor101', 'Sensor104', 'Sensor112', 'Sensor130', 'Sensor153', 'Sensor184', 'Sensor200', 'Sensor288', 'Sensor320', 'Sensor324', 'Sensor337', 'Sensor340', 'Sensor346', 'Sensor407', 'Sensor424', 'Sensor426', 'Sensor456']",18,LogisticRegression,"{'C': 0.28114766876598696, 'class_weight': 'balanced', 'dual': False, 'fit_intercept': True, 'intercept_scaling': 1, 'l1_ratio': None, 'max_iter': 1000000, 'multi_class': 'auto', 'n_jobs': -1, 'penalty': 'l2', 'random_state': 42, 'solver': 'lbfgs', 'tol': 0.0001, 'verbose': 0, 'warm_start': False}",no,0.27783779774665407,0.23926206360230912,0.7917754274528603,0.7467664092664091,0.27084973119002126,0.20945988815760863,0.787567084078712,0.7144473783477933
"['Sensor56', 'Sensor101', 'Sensor104', 'Sensor112', 'Sensor130', 'Sensor153', 'Sensor184', 'Sensor200', 'Sensor288', 'Sensor320', 'Sensor324', 'Sensor337', 'Sensor340', 'Sensor346', 'Sensor407', 'Sensor424', 'Sensor426', 'Sensor456']",18,LogisticRegression,"{'C': 0.2313141913345021, 'class_weight': 'balanced', 'dual': False, 'fit_intercept': True, 'intercept_scaling': 1, 'l1_ratio': None, 'max_iter': 1000000, 'multi_class': 'auto', 'n_jobs': -1, 'penalty': 'l2', 'random_state': 42, 'solver': 'lbfgs', 'tol': 0.0001, 'verbose': 0, 'warm_start': False}",no,0.275991631619448,0.23873465274569852,0.7906578579418344,0.7467664092664094,0.27372765458411213,0.21282124281299192,0.789355992844365,0.7165220671444738
"['Sensor56', 'Sensor101', 'Sensor104', 'Sensor112', 'Sensor130', 'Sensor153', 'Sensor184', 'Sensor200', 'Sensor288', 'Sensor320', 'Sensor324', 'Sensor337', 'Sensor340', 'Sensor346', 'Sensor407', 'Sensor424', 'Sensor426', 'Sensor456', 1, 2, 3]",18,GradientBoostingClassifier,"{'ccp_alpha': 0.0, 'criterion': 'friedman_mse', 'init': None, 'learning_rate': 0.005606334662141882, 'loss': 'deviance', 'max_depth': None, 'max_features': None, 'max_leaf_nodes': None, 'min_impurity_decrease': 0.0, 'min_samples_leaf': 1, 'min_samples_split': 2, 'min_weight_fraction_leaf': 0.0, 'n_estimators': 500, 'n_iter_no_change': None, 'random_state': 42, 'subsample': 0.1340461806952135, 'tol': 0.0001, 'validation_fraction': 0.1, 'verbose': 0, 'warm_start': False}",yes,0.14850486204682892,0.05178170848838345,0.5276914549376798,0.5173214285714286,0.21677437400579747,0.15562485151339417,0.537567084078712,0.5413051678611844
"['Sensor56', 'Sensor101', 'Sensor104', 'Sensor112', 'Sensor130', 'Sensor153', 'Sensor184', 'Sensor200', 'Sensor288', 'Sensor320', 'Sensor324', 'Sensor336', 'Sensor337', 'Sensor340', 'Sensor346', 'Sensor407', 'Sensor424', 'Sensor426', 'Sensor456', 1, 2, 3]",19,LogisticRegression,"{'C': 0.12145676943483044, 'class_weight': 'balanced', 'dual': False, 'fit_intercept': True, 'intercept_scaling': 1, 'l1_ratio': None, 'max_iter': 1000000, 'multi_class': 'auto', 'n_jobs': -1, 'penalty': 'l2', 'random_state': 42, 'solver': 'lbfgs', 'tol': 0.0001, 'verbose': 0, 'warm_start': False}",yes,0.2509910333847008,0.23425172580241385,0.7666880393096835,0.7423101673101673,0.23293919338737443,0.2387142365798067,0.7473166368515205,0.7516031686156168
"['Sensor56', 'Sensor101', 'Sensor104', 'Sensor112', 'Sensor130', 'Sensor153', 'Sensor184', 'Sensor200', 'Sensor288', 'Sensor320', 'Sensor324', 'Sensor336', 'Sensor337', 'Sensor340', 'Sensor346', 'Sensor407', 'Sensor424', 'Sensor426', 'Sensor456']",19,LogisticRegression,"{'C': 0.18172635150315206, 'class_weight': 'balanced', 'dual': False, 'fit_intercept': True, 'intercept_scaling': 1, 'l1_ratio': None, 'max_iter': 1000000, 'multi_class': 'auto', 'n_jobs': -1, 'penalty': 'l2', 'random_state': 42, 'solver': 'lbfgs', 'tol': 0.0001, 'verbose': 0, 'warm_start': False}",no,0.2737577204052103,0.2384114629735697,0.7893165747842761,0.7449726512226512,0.27813475952729294,0.24880493506940635,0.7920393559928444,0.7578272350056583
"['Sensor56', 'Sensor101', 'Sensor104', 'Sensor112', 'Sensor130', 'Sensor153', 'Sensor184', 'Sensor200', 'Sensor288', 'Sensor320', 'Sensor324', 'Sensor336', 'Sensor337', 'Sensor340', 'Sensor346', 'Sensor407', 'Sensor424', 'Sensor426', 'Sensor456']",19,LogisticRegression,"{'C': 0.23828617446108546, 'class_weight': 'balanced', 'dual': False, 'fit_intercept': True, 'intercept_scaling': 1, 'l1_ratio': None, 'max_iter': 1000000, 'multi_class': 'auto', 'n_jobs': -1, 'penalty': 'l2', 'random_state': 42, 'solver': 'lbfgs', 'tol': 0.0001, 'verbose': 0, 'warm_start': False}",no,0.27083866594491207,0.23761017584528302,0.7854490252476829,0.7458655083655085,0.27372765458411213,0.21282124281299192,0.789355992844365,0.7165220671444738
"['Sensor56', 'Sensor101', 'Sensor104', 'Sensor112', 'Sensor130', 'Sensor153', 'Sensor184', 'Sensor200', 'Sensor288', 'Sensor320', 'Sensor324', 'Sensor336', 'Sensor337', 'Sensor340', 'Sensor346', 'Sensor407', 'Sensor424', 'Sensor426', 'Sensor456', 1, 2, 3]",19,SVC,"{'C': 0.015679778837729565, 'break_ties': False, 'cache_size': 200, 'class_weight': 'balanced', 'coef0': 0.0, 'decision_function_shape': 'ovr', 'degree': 3, 'gamma': 'scale', 'kernel': 'linear', 'max_iter': -1, 'probability': True, 'random_state': 42, 'shrinking': True, 'tol': 0.001, 'verbose': False}",yes,0.18469497843977517,0.2006316932921873,0.7091941315116651,0.7142454954954955,0.17140030842257512,0.11040181113169559,0.7021466905187836,0.6314598264805733
"['Sensor56', 'Sensor101', 'Sensor104', 'Sensor112', 'Sensor130', 'Sensor153', 'Sensor184', 'Sensor200', 'Sensor288', 'Sensor320', 'Sensor324', 'Sensor336', 'Sensor337', 'Sensor340', 'Sensor346', 'Sensor407', 'Sensor424', 'Sensor426', 'Sensor456']",19,GaussianNB,"{'priors': None, 'var_smoothing': 0.002710995802556737}",no,0.21303416857869345,0.19329150159450192,0.6539984819431128,0.6501657014157013,0.19265942436768016,0.07153542620963735,0.6449016100178891,0.5494153149754809
"['Sensor56', 'Sensor101', 'Sensor104', 'Sensor112', 'Sensor130', 'Sensor153', 'Sensor184', 'Sensor200', 'Sensor288', 'Sensor320', 'Sensor324', 'Sensor336', 'Sensor337', 'Sensor340', 'Sensor346', 'Sensor407', 'Sensor424', 'Sensor426', 'Sensor456', 'Sensor472', 1, 2, 3]",20,LogisticRegression,"{'C': 0.1240439019960451, 'class_weight': 'balanced', 'dual': False, 'fit_intercept': True, 'intercept_scaling': 1, 'l1_ratio': None, 'max_iter': 1000000, 'multi_class': 'auto', 'n_jobs': -1, 'penalty': 'l2', 'random_state': 42, 'solver': 'lbfgs', 'tol': 0.0001, 'verbose': 0, 'warm_start': False}",yes,0.23488306362068725,0.20639433545174485,0.754341742569511,0.715143178893179,0.2571242007439941,0.2387142365798067,0.7786225402504472,0.7516031686156168
"['Sensor56', 'Sensor101', 'Sensor104', 'Sensor112', 'Sensor130', 'Sensor153', 'Sensor184', 'Sensor200', 'Sensor288', 'Sensor320', 'Sensor324', 'Sensor336', 'Sensor337', 'Sensor340', 'Sensor346', 'Sensor407', 'Sensor424', 'Sensor426', 'Sensor456', 'Sensor472']",20,LogisticRegression,"{'C': 0.2973066984379732, 'class_weight': 'balanced', 'dual': False, 'fit_intercept': True, 'intercept_scaling': 1, 'l1_ratio': None, 'max_iter': 1000000, 'multi_class': 'auto', 'n_jobs': -1, 'penalty': 'l2', 'random_state': 42, 'solver': 'lbfgs', 'tol': 0.0001, 'verbose': 0, 'warm_start': False}",no,0.2755871062693255,0.2461902171445705,0.7904346436561202,0.7494449806949807,0.27084973119002126,0.21282124281299192,0.787567084078712,0.7165220671444738
"['Sensor56', 'Sensor101', 'Sensor104', 'Sensor112', 'Sensor130', 'Sensor153', 'Sensor184', 'Sensor200', 'Sensor288', 'Sensor320', 'Sensor324', 'Sensor336', 'Sensor337', 'Sensor340', 'Sensor346', 'Sensor407', 'Sensor424', 'Sensor426', 'Sensor456', 'Sensor472', 1, 2, 3]",20,SVC,"{'C': 0.04753293882868616, 'break_ties': False, 'cache_size': 200, 'class_weight': 'balanced', 'coef0': 0.0, 'decision_function_shape': 'ovr', 'degree': 3, 'gamma': 'scale', 'kernel': 'linear', 'max_iter': -1, 'probability': True, 'random_state': 42, 'shrinking': True, 'tol': 0.001, 'verbose': False}",yes,0.2202942177242984,0.19265017115181562,0.7433703859060402,0.7044288931788931,0.22681014508501574,0.15584037418278635,0.7562611806797853,0.6750282912108638
"['Sensor56', 'Sensor101', 'Sensor104', 'Sensor112', 'Sensor130', 'Sensor153', 'Sensor184', 'Sensor200', 'Sensor288', 'Sensor320', 'Sensor324', 'Sensor336', 'Sensor337', 'Sensor340', 'Sensor346', 'Sensor407', 'Sensor424', 'Sensor426', 'Sensor456', 'Sensor472', 1, 2, 3]",20,SVC,"{'C': 0.04821715036933204, 'break_ties': False, 'cache_size': 200, 'class_weight': 'balanced', 'coef0': 0.0, 'decision_function_shape': 'ovr', 'degree': 3, 'gamma': 'scale', 'kernel': 'linear', 'max_iter': -1, 'probability': True, 'random_state': 42, 'shrinking': True, 'tol': 0.001, 'verbose': False}",yes,0.2251331573424416,0.19147451995375414,0.7485792186001917,0.704436936936937,0.2279306658502681,0.15584037418278635,0.7571556350626119,0.6750282912108638
